Residue_Position,MHC1_Score,MHC1_Normalized,MHC2_Score,MHC2_Normalized,Combined_Score
1,0.092564337979444,0.26531625115723473,0.0288752373143073,0.017633072354886946,0.14147466175606083
2,0.1027980222794175,0.34314886582618653,0.0327017902968957,0.03856269262340179,0.19085577922479416
3,0.0981998981130377,0.30817768477824653,0.0358505602145208,0.05578512727638749,0.18198140602731702
4,0.0838822633638613,0.19928445378358656,0.0357672119867754,0.05532924785574375,0.12730685081966514
5,0.0775492980992976,0.15111888303699644,0.0360192179225341,0.05670761333633186,0.10391324818666416
6,0.0792620253266532,0.16414508498072222,0.0358299945500644,0.0556726418228734,0.10990886340179781
7,0.0755155516499642,0.1356511590887674,0.0357439919303781,0.05520224400522336,0.09542670154699538
8,0.0720452526600597,0.10925768864841116,0.0355765383290021,0.05428634389738685,0.08177201627289901
9,0.0811741407540294,0.17868774028443477,0.0356740449233924,0.05481966357270586,0.11675370192857032
10,0.074454067726203,0.12757800900970878,0.0353792710877751,0.05320737583681503,0.09039269242326191
11,0.0822850778803291,0.18713700828393137,0.0347915244204216,0.04999265109165474,0.11856482968779306
12,0.1083297418716097,0.38522053687401236,0.0340113424026452,0.04572538667726309,0.21547296177563774
13,0.0878503800073998,0.22946409237951093,0.0331483050458557,0.041004938734339615,0.13523451555692528
14,0.0768563206235118,0.1458484205851463,0.0320494179589509,0.0349944928966514,0.09042145674089885
15,0.0832361266297148,0.19437024009688825,0.0308547164712737,0.028459982964320694,0.11141511153060447
16,0.0816733881884603,0.182484782683781,0.0297861473736384,0.022615363656567578,0.10255007317017428
17,0.0763088347935865,0.14168449951935788,0.0297921986178511,0.022648461393381916,0.0821664804563699
18,0.0990937438085964,0.3149758569278507,0.0326065401939734,0.03804171499842923,0.17650878596313996
19,0.0689634935878527,0.08581927103274803,0.0373135036452543,0.06378680675629866,0.07480303889452335
20,0.061107885387327,0.02607319052649701,0.0460499132727727,0.1115712584145303,0.06882222447051366
21,0.0627381966714741,0.038472575366792834,0.0588990618144802,0.18185064588815375,0.11016161062747329
22,0.0619169969054469,0.03222691416776665,0.0789489163206745,0.2915148379594637,0.16187087606361517
23,0.0664385704984589,0.06661588737100703,0.1051096668958075,0.4346030371738115,0.25060946227240927
24,0.0812898413631918,0.17956770498394412,0.1371786821492488,0.6100069358507147,0.39478732041732945
25,0.0746008640143331,0.12869447289445962,0.166024814312148,0.7677830322831979,0.4482387525888287
26,0.0682619929927858,0.08048398572342662,0.1892130589598781,0.8946128860389735,0.48754843588120006
27,0.0780453678709215,0.15489175761979146,0.2033773237032042,0.9720854008086496,0.5634885792142206
28,0.0905553508142982,0.25003683474021016,0.2084809372147264,1.0,0.6250184173701051
29,0.0888377004651657,0.2369731898356701,0.199033679867915,0.9483275131045094,0.5926503514700897
30,0.1002166305301331,0.32351600795776625,0.1800667650701788,0.8445865414811735,0.5840512747194699
31,0.0785959692536633,0.15907937412260315,0.1536520496308786,0.7001092622794977,0.42959431820105043
32,0.0785616220395951,0.1588181452827093,0.1261558910485871,0.5497169482075905,0.35426754674514993
33,0.0878154359061156,0.22919832389472264,0.0999042977562348,0.4061318778969294,0.317665100895826
34,0.0909999761144387,0.25341844674264336,0.080763576473225,0.3014402585879261,0.27742935266528473
35,0.0926301621460337,0.26581687897063083,0.0667887028813017,0.22500363301124263,0.24541025599093674
36,0.0813345205753015,0.17990751416682613,0.0558675645765802,0.16526964300566382,0.172588578586245
37,0.0686882913572975,0.08372621162823869,0.047330300360057,0.11857443219926729,0.10115032191375299
38,0.0705832068111103,0.09813805198051882,0.0409646624629995,0.08375709540594271,0.09094757369323077
39,0.0787938074218363,0.16058403866558305,0.036773693025684,0.06083427184147416,0.1107091552535286
40,0.0685650121320942,0.08278860752099068,0.0339657906861324,0.045476238126719006,0.06413242282385484
41,0.0779658072330931,0.15428665663314772,0.0330369165773347,0.040395691101014305,0.09734117386708102
42,0.0650735263870581,0.05623400053392186,0.0326763918278296,0.03842377378041862,0.047328887157170235
43,0.062326871264936,0.035344226774808994,0.03248893490736,0.03739846400946123,0.036371345392135115
44,0.0651757541967064,0.0570114974239547,0.0323573120497293,0.03667854285812681,0.04684502014104075
45,0.0768643051775629,0.14590914736746108,0.0323115868516207,0.03642844543690456,0.09116879640218281
46,0.1061349188773934,0.36852774008959,0.0324257239204858,0.03705272674720593,0.20279023341839797
47,0.08085139760303,0.17623310688238186,0.0326700916114773,0.03838931427170066,0.10731121057704127
48,0.0781268483105839,0.15551145972095132,0.0329614416454853,0.039982875266348535,0.09774716749364992
49,0.0767324729697477,0.14490649327621996,0.0332323849079011,0.04146481988399222,0.0931856565801061
50,0.0877950772468854,0.22904348545798833,0.0335299196548294,0.04309220863262145,0.1360678470453049
51,0.09257876182658,0.26542595218994913,0.0336442011827875,0.04371728007283206,0.1545716161313906
52,0.1105055369857412,0.40176861650523804,0.0335023678460583,0.0429415119356428,0.22235506422044043
53,0.0714317270086488,0.10459149959898877,0.0330495369984927,0.04046471944680427,0.07252810952289651
54,0.0814727814641156,0.18095906179790588,0.0324192323444501,0.0370172205822607,0.10898814119008329
55,0.0833476137087667,0.19521815865779557,0.03164055929636,0.03275820959142664,0.1139881841246111
56,0.0765126183024312,0.14323438154179213,0.0309234961030803,0.028836178350212523,0.08603527994600232
57,0.0924333575772819,0.26432007550125,0.0303218799182164,0.02554559323251302,0.1449328343668815
58,0.0736127550537074,0.12117937845447216,0.0298688272948277,0.02306758772407605,0.0721234830892741
59,0.0731055490374826,0.11732180680564762,0.0295356001134236,0.0212449765119303,0.06928339165878895
60,0.0793443143005206,0.1647709364147498,0.0292910688108117,0.019907494101332544,0.09233921525804117
61,0.0687979690746639,0.08456036903072683,0.0290311988323766,0.018486115645949264,0.05152324233833805
62,0.0670797613319696,0.07149248485154802,0.0286664953098703,0.01649134221111671,0.04399191353133237
63,0.0749148124516192,0.13108221781886306,0.0282350080312157,0.01413128998290298,0.07260675390088302
64,0.0738176951098961,0.12273805663488165,0.0277652625666303,0.011561981719992403,0.06715001917743703
65,0.0710359976756743,0.10158176744546847,0.0272710418416542,0.008858804173608872,0.05522028580953867
66,0.0672769321866324,0.0729920741201907,0.0268478842522519,0.006544311809272269,0.03976819296473148
67,0.0796957002572236,0.16744341359564316,0.0265057831226475,0.004673163867866594,0.08605828873175488
68,0.0750248296477619,0.13191895713808904,0.0262655109892927,0.0033589773048935804,0.0676389672214913
69,0.0728636585720245,0.11548210110062179,0.0261423356815017,0.0026852606648121555,0.059083680882716975
70,0.0782794165038937,0.15667182201595095,0.0261478179597644,0.002715246399431986,0.07969353420769147
71,0.0676057182763578,0.075492667286835,0.0262676600754304,0.0033707318936817346,0.03943169959025837
72,0.0642414924763642,0.04990593989961957,0.0264818409108102,0.004542210133677325,0.027224075016648447
73,0.08100812744076,0.17742512069769933,0.026777307234922,0.0061582854876401005,0.09179170309266972
74,0.0622653075797114,0.034876002189290045,0.0271462850011689,0.008176437221122363,0.021526219705206205
75,0.062937613095809,0.03998924338770875,0.0276299535588952,0.010821898892525692,0.025405571140117218
76,0.0618403356678051,0.03164386466237643,0.028252374101058,0.014226275012251766,0.0229350698373141
77,0.0655989023668776,0.06022976442451987,0.029053788696095,0.01860967261006161,0.03941971851729074
78,0.0735157368416292,0.12044150332610092,0.0300125849168195,0.02385388088470487,0.0721476921054029
79,0.0791178617268399,0.16304864409153175,0.0310736042037185,0.029657205932969374,0.09635292501225057
80,0.0737191811076305,0.12198880522619256,0.0321589188267719,0.035593416155520315,0.07879111069085644
81,0.0674056601931834,0.07397111910900402,0.0333174125449292,0.04192988496042648,0.057950502034715246
82,0.0683572847719233,0.0812087304106109,0.0344853246130279,0.048317868140993085,0.06476329927580199
83,0.0709620371320818,0.10101925815542165,0.0356445230137962,0.054658191260611555,0.0778387247080166
84,0.080502237028228,0.17357755491502003,0.0367607584062852,0.06076352496469851,0.11717053993985926
85,0.0729151064700858,0.11587338974193186,0.0377612067949725,0.06623555291485356,0.0910544713283927
86,0.0697411732153837,0.09173393842049138,0.0384879242810178,0.07021038903880794,0.08097216372964966
87,0.0676416909585051,0.07576625867641755,0.0389717537793077,0.07285673098676756,0.07431149483159255
88,0.0657966752665739,0.061733932566003714,0.0392401973880639,0.0743250035601102,0.06802946806305696
89,0.0633460006906732,0.04309524835863864,0.0392322032281968,0.0742812788995226,0.058688263629080625
90,0.0694185396011694,0.089280138103976,0.0388567533507499,0.07222772746548271,0.08075393278472937
91,0.0651942244382746,0.05715197343950113,0.0382603350103292,0.0689655723501655,0.06305877289483332
92,0.0675173499991741,0.07482057951615628,0.0375789399184798,0.06523863048103945,0.07002960499859787
93,0.0702399625273337,0.09552749655459328,0.0368588893195856,0.06130025939940394,0.07841387797699861
94,0.0650796432115944,0.05628052223941679,0.0360923948168652,0.05710785988139427,0.05669419106040553
95,0.0676221794042806,0.07561786292401469,0.0352863708495984,0.05269925097437616,0.06415855694919542
96,0.0648941579111744,0.05486980782892999,0.0344293048620174,0.04801146388590466,0.05144063585741732
97,0.0641352322122076,0.049097774047293756,0.0334635845867906,0.04272938397271069,0.045913579010002224
98,0.0744189161970604,0.1273106629256804,0.0324996919782659,0.037457300620449385,0.0823839817730649
99,0.0662193688674664,0.06494874232531817,0.0316608379434207,0.03286912518163823,0.0489089337534782
100,0.0678732362676377,0.07752728396270346,0.0309743645114571,0.029114406948074507,0.05332084545538898
101,0.0751098439311074,0.1325655360008945,0.0304092066762454,0.026023233524740497,0.0792943847628175
102,0.0823769386458431,0.1878356582867915,0.0299826054898022,0.023689906146554165,0.10576278221667283
103,0.0704698542518722,0.09727594545013257,0.0296458466705247,0.02184797837458224,0.05956196191235741
104,0.0744492180675225,0.12754112477483392,0.0292734534969001,0.01981114581274016,0.07367613529378704
105,0.0692939328466435,0.08833243742982211,0.0288363364155377,0.01742030095382275,0.052876369191822425
106,0.0775715944337872,0.15128845852515793,0.0284085808677497,0.015080659709159408,0.08318455911715866
107,0.0709678052313437,0.10106312761964045,0.0280022412007958,0.012858154240640532,0.05696064093014049
108,0.0795367060836289,0.16623417830117185,0.0277056387943578,0.01123586499867218,0.08873502164992202
109,0.0642870079605408,0.05025210937656915,0.0276866373959694,0.01113193541644777,0.030692022396508457
110,0.0634362484041888,0.04378163024271059,0.0281275248642146,0.013543402690912924,0.028662516466811755
111,0.0653451978492605,0.058300206566308944,0.0288993156905054,0.017764770850321812,0.03803248870831538
112,0.0673051108833527,0.07320638810325052,0.030133365575136,0.024514499808798697,0.04886044395602461
113,0.0657699108710179,0.061530375095878984,0.0318313373567239,0.033801684587630505,0.04766602984175475
114,0.0620063533648273,0.03290651758988458,0.034049628778353,0.045934796898072276,0.03942065724397843
115,0.0616865636426177,0.03047434658536227,0.0366446842220512,0.06012864845572309,0.04530149752054268
116,0.0595008578494813,0.013850890966614935,0.0394358566389746,0.07539517659631707,0.044623033781466
117,0.0642809823654684,0.05020628151969237,0.0416368682547128,0.08743377570460124,0.06882002861214681
118,0.0702939098984751,0.09593779501870195,0.0430725208517077,0.09528618591016576,0.09561199046443386
119,0.0671577486713567,0.07208562006635896,0.0436114604943123,0.09823395695075732,0.08515978850855814
120,0.059496608304587,0.013818570916417822,0.043189505765498,0.09592604372316793,0.054872307319792875
121,0.0617837045005098,0.031213154500410695,0.0416013278618516,0.08723938484416799,0.05922626967228934
122,0.0651902799654796,0.057121973624954726,0.0393323876959458,0.07482924540523433,0.06597560951509453
123,0.0606754816277843,0.02278452984365965,0.0366350493370429,0.06007594972517577,0.04143023978441771
124,0.0696843583656129,0.09130183125555799,0.0339810544074179,0.045559724202004964,0.06843077772878148
125,0.0591202159325594,0.010955906640519384,0.0318137296792455,0.03370537806708569,0.022330642353802537
126,0.0656971248851782,0.06097679894255019,0.0304431618088206,0.0262089536844246,0.04359287631348739
127,0.06481469268235,0.05426543247853102,0.0296805570838791,0.022037829599477456,0.038151631039004236
128,0.07095222536452,0.10094463444205772,0.0294565615460177,0.020812669103696294,0.060878651772877004
129,0.0687132220211021,0.08391582259262517,0.0297456079545672,0.022393630245080228,0.0531547264188527
130,0.0716428323676574,0.10619706818803629,0.0305818118736458,0.026967310675743046,0.06658218943188966
131,0.0733873384111161,0.11946496493843049,0.0318366486002428,0.0338307348348138,0.07664784988662215
132,0.0910566799133267,0.25384970930652034,0.0335508504679473,0.043206691294291694,0.14852820030040603
133,0.0830866396413101,0.1932333120047685,0.0354503739293652,0.053596278193914146,0.12341479509934133
134,0.0836875790906644,0.19780377629015655,0.0374240706504252,0.06439156133384759,0.13109766881200208
135,0.0819935034218723,0.18491942937420916,0.0390866106215034,0.0734849491516107,0.12920218926290994
136,0.0786793138744768,0.15971325431338876,0.0402297737793434,0.07973756630010324,0.119725410306746
137,0.0808379167696971,0.17613057797143827,0.040731645900558,0.08248259373554474,0.1293065858534915
138,0.0973998505760537,0.3020928975366584,0.0407087291296278,0.0823572487277709,0.19222507313221465
139,0.0870114760137001,0.22308378110822794,0.040115447753995,0.07911225147805886,0.1510980162931434
140,0.0724032334970532,0.11198032340319403,0.0392250575327593,0.07424219497915306,0.09311125919117355
141,0.0798223140959017,0.16840637921278798,0.0383719275959245,0.06957593641723021,0.1189911578150091
142,0.0749569051057891,0.1314023548522488,0.0378158451977372,0.0665344017814828,0.09896837831686581
143,0.07039130749101,0.09667855553732295,0.0377867148019821,0.06637507088388382,0.08152681321060339
144,0.0822128256709103,0.18658749178431763,0.0382392133178266,0.06885004565929793,0.1277187687218078
145,0.0670822887296199,0.07151170705556215,0.0393126720468181,0.07472140917469797,0.07311655811513006
146,0.0675280706354746,0.07490211565990709,0.040626897413861,0.08190966398382163,0.07840588982186436
147,0.0681687663422355,0.079774947438048,0.0420406366927956,0.0896422176427991,0.08470858254042354
148,0.0682466750241298,0.08036748442077095,0.0431025411571433,0.0954503842359098,0.08790893432834038
149,0.0801928806238094,0.1712247348440953,0.043784618970229,0.09918106030035208,0.1352028975722237
150,0.0755061008703719,0.13557928088100116,0.0440025130705264,0.10037284852299663,0.1179760647019989
151,0.0699335322329575,0.09319693110758823,0.0436447669118794,0.09841612891475623,0.09580653001117223
152,0.0730023811099495,0.11653715981884352,0.0426128397461579,0.09277192541840051,0.10465454261862202
153,0.0706410906812719,0.09857828961437347,0.0412839909066641,0.08550368642330138,0.09204098801883742
154,0.0689325173224762,0.08558368005141019,0.0397801053674668,0.07727807099188537,0.08143087552164778
155,0.0776405105881877,0.15181260255116963,0.0382033620874424,0.06865395464957859,0.1102332786003741
156,0.0694851178208243,0.08978650089218106,0.0365868634014545,0.05981239311463428,0.07479944700340767
157,0.063817285474204,0.046679619918350325,0.0351313544437622,0.051851377045985615,0.04926549848216797
158,0.063063812326862,0.040949055693242926,0.0336858088672014,0.043944856442216615,0.042446956067729774
159,0.0602613061641356,0.01963450505077181,0.03217264322681,0.03566848279709502,0.027651493923933415
160,0.0608788684732864,0.02433139503030015,0.0307454708665529,0.027862455886239045,0.026096925458269596
161,0.0631782664437974,0.04181954015608008,0.0294382915523468,0.020712739994761947,0.031266140075421014
162,0.0607217132100475,0.023136145627609194,0.0282629714366981,0.014284237939150863,0.01871019178338003
163,0.0624531271352878,0.0363044698523495,0.0272182091982504,0.008569832044056532,0.02243715094820302
164,0.0576796978379799,0.0,0.0264566135056732,0.004404226937761865,0.0022021134688809327
165,0.059458333681296,0.013527472039524053,0.0259548987034407,0.0016600599703633586,0.007593766004943706
166,0.0671025903704236,0.07166611183682221,0.0256888580167443,0.00020493036053782722,0.03593552109868002
167,0.065829250646777,0.06198168566652187,0.0256513906918584,0.0,0.030990842833260934
168,0.0619069186603194,0.03215026375071696,0.0258061425925541,0.0008464271975664725,0.016498345474141717
169,0.0629022039044701,0.0397199376455698,0.0260872177459603,0.002383788957477873,0.021051863301523838
170,0.0628749186510866,0.039512418774507126,0.0265069705181117,0.004679658416952241,0.022096038595729683
171,0.0682367454498068,0.08029196472430049,0.0270947264293412,0.007894433722189816,0.04409319922324515
172,0.0856670184785659,0.2128584661382186,0.0278701879541375,0.012135879044044864,0.11249717259113173
173,0.0760330639627517,0.13958711560715756,0.0287608419869266,0.017007378480147755,0.07829724704365265
174,0.0746666004885766,0.12919443376089979,0.0298041743195115,0.022713963397232823,0.07595419857906631
175,0.0709076301802147,0.10060546433534118,0.0309662903370147,0.029070244641729845,0.06483785448853552
176,0.072195564461641,0.11040088988364016,0.0322722403199594,0.03621323661311426,0.07330706324837721
177,0.0726978666257449,0.11422116512763808,0.033656900258506,0.04378673862567549,0.07900395187665679
178,0.0830074348310687,0.1926309172762676,0.0350452877216787,0.0513806286154373,0.12200577294585245
179,0.0660175991373568,0.06341417616174014,0.0361990836822796,0.05769140268092233,0.06055278942133123
180,0.0722031086381785,0.11045826736062943,0.0370479338958882,0.06233425297373552,0.08639626016718248
181,0.0637710258194298,0.0463277906280166,0.0374748650881084,0.06466938534341952,0.055498587985718065
182,0.0678427584046192,0.0772954835965091,0.0375357082875245,0.0650021718135128,0.07114882770501095
183,0.0665922931137673,0.06778502965959932,0.0371587039030383,0.06294011788592706,0.0653625737727632
184,0.0630391513526753,0.04076149586190824,0.0365207270152486,0.05945065515999996,0.0501060755109541
185,0.0668573473862412,0.06980090844294953,0.0357535113244677,0.055254311049476576,0.06252760974621305
186,0.0691985939539993,0.0876073344193492,0.035078171556168,0.05156048922940643,0.06958391182437781
187,0.0724265244430352,0.11215746344100981,0.0345345198101081,0.048586944983417174,0.0803722042122135
188,0.0804362244760504,0.17307549432898392,0.0341581672149917,0.04652845606696994,0.10980197519797694
189,0.1062111994452756,0.36910789439889574,0.0338562145390054,0.04487690312200579,0.20699239876045078
190,0.1725220630122393,0.8734372972891409,0.0335519834597245,0.04321288827830631,0.4583250927837236
191,0.1348126624731448,0.5866372401910241,0.0331609311097967,0.041073997943756956,0.31385561906739057
192,0.1475931232118951,0.6838394448724207,0.0327200018118856,0.03866230187877794,0.3612508733755993
193,0.1338660005335523,0.5794373724008621,0.032214783887401,0.0358989743198956,0.3076681733603789
194,0.1420001121059737,0.6413016192481268,0.0317702416744299,0.03346751714338559,0.3373845681957562
195,0.1248197295452723,0.510635667815981,0.0314019989916865,0.03145338600459101,0.271044526910286
196,0.1891629371394065,1.0,0.0312035729462954,0.030368079777206805,0.5151840398886034
197,0.0808234968434551,0.17602090675920923,0.0311504274212307,0.0300773963178019,0.10304915153850557
198,0.115516334825909,0.43987840043503995,0.0312019189058294,0.030359032878073396,0.23511871665655668
199,0.0694667165091225,0.08964654912494778,0.0312801839129881,0.030787109240166814,0.060216829182557295
200,0.0748367735249333,0.13048869025519397,0.0312731642627651,0.030748714733608653,0.08061870249440131
201,0.0772279794645159,0.1486750838387954,0.0310832634714116,0.029710038026451,0.0891925609326232
202,0.0724353852460027,0.11222485456260503,0.0307456783915605,0.0278635909599268,0.07004422276126591
203,0.0695496058035617,0.0902769663163677,0.0302208535023528,0.02499302162805977,0.057634993972213736
204,0.0649384837904726,0.05520692972776444,0.0295741844515079,0.021456016460440347,0.0383314730941024
205,0.0659472969853865,0.06287949088669047,0.0287886841265644,0.017159663163708566,0.04001957702519952
206,0.0657366309641694,0.061277263695328515,0.0279893514026472,0.012787652517074812,0.03703245810620166
207,0.0681287235016185,0.07947040032748284,0.0272326633638764,0.008648890193578288,0.044059645260530564
208,0.0642023299608786,0.04960808813011902,0.0265867435828781,0.0051159832139205524,0.027362035672019787
209,0.0666412976243887,0.06815773503924892,0.0261476795454114,0.002714489331684281,0.0354361121854666
210,0.0960367995951027,0.2917261695172323,0.0258627952332351,0.0011562930904620314,0.14644123130384717
211,0.0794391440144831,0.16549216685040333,0.0257442991403082,0.0005081697691471326,0.08300016830977523
212,0.0746422825726689,0.1290094830703259,0.0256982983847838,0.00025656516584715566,0.06463302411808652
213,0.0722204923918915,0.11059048005789308,0.0257216445402712,0.0003842587248555795,0.05548736939137433
214,0.0821230979231421,0.18590506451643973,0.0257324678307317,0.0004434575286941359,0.09317426102256693
215,0.0706811644271606,0.0988830717759753,0.0257653669341126,0.0006234016570179761,0.04975323671649664
216,0.0997566256535509,0.3200174260926842,0.0258218787164535,0.0009324971145939795,0.16047496160363908
217,0.0659289443558229,0.062739909373023,0.0258918523623501,0.001315223250644691,0.032027566311833844
218,0.06967619400513,0.09123973694965044,0.0259115069242331,0.0014227253598868696,0.04633123115476866
219,0.0654867622843037,0.05937687942435023,0.0259602288984624,0.0016892138742212058,0.030533046649285717
220,0.0713324022268294,0.10383608178035945,0.0260121547079349,0.0019732260071616873,0.05290465389376057
221,0.0644727846226769,0.05166503974794675,0.0260082400589817,0.001951814539334679,0.026808427143640713
222,0.0706390096341983,0.09856246214400792,0.0260728140346682,0.0023050067717423762,0.05043373445787515
223,0.0640562224403421,0.04849686268942584,0.0262309673108779,0.00317003804933142,0.02583345036937863
