Residue,Average_Score
1,0.0288752373143073
2,0.03270179029689575
3,0.035850560214520856
4,0.03576721198677546
5,0.03601921792253412
6,0.03582999455006442
7,0.035743991930378124
8,0.03557653832900211
9,0.03567404492339249
10,0.035379271087775194
11,0.03479152442042163
12,0.03401134240264521
13,0.033148305045855704
14,0.03204941795895091
15,0.0308547164712737
16,0.029786147373638435
17,0.02979219861785114
18,0.032606540193973424
19,0.037313503645254355
20,0.046049913272772726
21,0.05889906181448029
22,0.07894891632067456
23,0.10510966689580756
24,0.1371786821492488
25,0.16602481431214808
26,0.18921305895987814
27,0.20337732370320422
28,0.20848093721472646
29,0.19903367986791506
30,0.18006676507017888
31,0.15365204963087864
32,0.12615589104858715
33,0.09990429775623481
34,0.08076357647322505
35,0.06678870288130172
36,0.055867564576580236
37,0.04733030036005707
38,0.0409646624629995
39,0.036773693025684014
40,0.03396579068613248
41,0.03303691657733473
42,0.03267639182782969
43,0.03248893490736003
44,0.03235731204972931
45,0.032311586851620756
46,0.03242572392048585
47,0.03267009161147734
48,0.032961441645485395
49,0.03323238490790114
50,0.033529919654829404
51,0.033644201182787506
52,0.033502367846058326
53,0.033049536998492765
54,0.03241923234445019
55,0.031640559296360025
56,0.030923496103080393
57,0.030321879918216492
58,0.029868827294827736
59,0.02953560011342366
60,0.029291068810811755
61,0.029031198832376617
62,0.02866649530987035
63,0.028235008031215716
64,0.027765262566630318
65,0.02727104184165425
66,0.02684788425225191
67,0.026505783122647595
68,0.02626551098929276
69,0.02614233568150174
70,0.026147817959764424
71,0.026267660075430452
72,0.026481840910810274
73,0.026777307234922037
74,0.027146285001168974
75,0.027629953558895276
76,0.02825237410105804
77,0.029053788696095095
78,0.03001258491681954
79,0.031073604203718515
80,0.032158918826771965
81,0.03331741254492921
82,0.03448532461302792
83,0.03564452301379629
84,0.036760758406285274
85,0.037761206794972586
86,0.038487924281017896
87,0.038971753779307707
88,0.03924019738806391
89,0.03923220322819689
90,0.03885675335074996
91,0.03826033501032925
92,0.037578939918479805
93,0.03685888931958562
94,0.03609239481686527
95,0.035286370849598445
96,0.03442930486201748
97,0.033463584586790635
98,0.03249969197826598
99,0.03166083794342075
100,0.030974364511457173
101,0.030409206676245484
102,0.02998260548980227
103,0.02964584667052478
104,0.029273453496900165
105,0.028836336415537775
106,0.02840858086774976
107,0.028002241200795808
108,0.027705638794357862
109,0.027686637395969424
110,0.028127524864214607
111,0.02889931569050546
112,0.030133365575136052
113,0.03183133735672393
114,0.03404962877835301
115,0.03664468422205124
116,0.039435856638974656
117,0.041636868254712814
118,0.04307252085170779
119,0.04361146049431236
120,0.043189505765498064
121,0.04160132786185161
122,0.039332387695945825
123,0.03663504933704297
124,0.033981054407417936
125,0.031813729679245534
126,0.030443161808820618
127,0.029680557083879105
128,0.029456561546017758
129,0.029745607954567273
130,0.030581811873645854
131,0.03183664860024284
132,0.033550850467947396
133,0.035450373929365266
134,0.037424070650425204
135,0.03908661062150348
136,0.04022977377934346
137,0.04073164590055801
138,0.0407087291296278
139,0.040115447753995066
140,0.03922505753275934
141,0.038371927595924595
142,0.03781584519773725
143,0.03778671480198216
144,0.03823921331782664
145,0.03931267204681818
146,0.040626897413861
147,0.04204063669279564
148,0.04310254115714337
149,0.04378461897022909
150,0.044002513070526425
151,0.0436447669118794
152,0.042612839746157954
153,0.04128399090666411
154,0.03978010536746683
155,0.03820336208744249
156,0.03658686340145453
157,0.035131354443762294
158,0.033685808867201454
159,0.032172643226810016
160,0.030745470866552976
161,0.029438291552346882
162,0.028262971436698127
163,0.027218209198250493
164,0.026456613505673295
165,0.02595489870344077
166,0.0256888580167443
167,0.025651390691858487
168,0.02580614259255417
169,0.02608721774596032
170,0.026506970518111718
171,0.027094726429341263
172,0.0278701879541375
173,0.028760841986926678
174,0.029804174319511517
175,0.0309662903370147
176,0.032272240319959414
177,0.03365690025850606
178,0.035045287721678774
179,0.03619908368227969
180,0.037047933895888216
181,0.037474865088108496
182,0.03753570828752454
183,0.037158703903038354
184,0.03652072701524869
185,0.03575351132446777
186,0.035078171556168075
187,0.03453451981010815
188,0.034158167214991715
189,0.033856214539005405
190,0.03355198345972451
191,0.03316093110979676
192,0.03272000181188563
193,0.03221478388740105
194,0.03177024167442993
195,0.031401998991686525
196,0.031203572946295416
197,0.031150427421230757
198,0.031201918905829407
199,0.031280183912988195
200,0.03127316426276517
201,0.03108326347141169
202,0.030745678391560546
203,0.03022085350235289
204,0.029574184451507973
205,0.028788684126564466
206,0.027989351402647272
207,0.027232663363876416
208,0.02658674358287814
209,0.026147679545411442
210,0.025862795233235158
211,0.025744299140308267
212,0.025698298384783817
213,0.025721644540271205
214,0.025732467830731725
215,0.025765366934112653
216,0.02582187871645357
217,0.02589185236235013
218,0.02591150692423311
219,0.025960228898462424
220,0.026012154707934953
221,0.02600824005898174
222,0.026072814034668275
223,0.026230967310877998
