Residue,Score
1,0.027877206165890834
2,0.02858893562748285
3,0.028523405875454544
4,0.028531693870435162
5,0.028448461527277535
6,0.02838364394621284
7,0.028309366398831304
8,0.028271368376628064
9,0.028122324969046382
10,0.027893175202633957
11,0.027620275051509595
12,0.027307490184235617
13,0.026934138928845427
14,0.02653350553382591
15,0.026249979640942764
16,0.026103256624115476
17,0.026280814528386456
18,0.026794584666713108
19,0.0278355098513295
20,0.029494502140606855
21,0.03200385198845153
22,0.035095131690340196
23,0.03849564720854301
24,0.041825359559786966
25,0.04500079103920786
26,0.04765140576968116
27,0.049568335184672366
28,0.05052434383133485
29,0.05058318535418422
30,0.04976488093440806
31,0.048292057386111704
32,0.04628050782047601
33,0.043685018222597884
34,0.040742535752012664
35,0.037688404828149155
36,0.03478591213124085
37,0.032199174923004094
38,0.030178338561996212
39,0.028765462669349103
40,0.027832445773725782
41,0.027238499598191624
42,0.026879118017346115
43,0.026719948227267584
44,0.026621334974338395
45,0.02675556177320897
46,0.02707990388256683
47,0.02762242337710585
48,0.028321543968525337
49,0.029249604486069357
50,0.030096940415848056
51,0.030989062095183362
52,0.03194417188857914
53,0.03302717303448334
54,0.03410603541739672
55,0.03540598740873027
56,0.03660501537204219
57,0.037598341206950735
58,0.0383084836950792
59,0.038702371848827376
60,0.038481060929812495
61,0.03759757972019958
62,0.03629807497049493
63,0.03471219399196314
64,0.03304214219191994
65,0.03151033535885857
66,0.030174996935197092
67,0.028981447393323888
68,0.027990137615112456
69,0.027264790202570447
70,0.026914163372987746
71,0.02689408269730683
72,0.0272627201949666
73,0.0278984905015175
74,0.028871466936731042
75,0.03002371759767224
76,0.031331009726402126
77,0.032568090472750055
78,0.033665045666148974
79,0.03444539094960587
80,0.03494638592718034
81,0.03503191991739707
82,0.03487498996676612
83,0.034580145352733634
84,0.03426246135153235
85,0.033885589913319504
86,0.033597719893549455
87,0.03346513557611066
88,0.03345073555036741
89,0.03355586798170342
90,0.03382027691198499
91,0.034237293893259954
92,0.034668257377071236
93,0.03497761411418428
94,0.03508362901053246
95,0.034847783806713425
96,0.0341339719656096
97,0.033040029861988736
98,0.03183693141618452
99,0.030636638292768303
100,0.029555299258783894
101,0.028745853789153654
102,0.028266363074576452
103,0.02788535310628512
104,0.027573223161839
105,0.027336327518981414
106,0.027134262634559876
107,0.026980492475099503
108,0.02703518210079352
109,0.027332277236347305
110,0.0277960723005372
111,0.028504776567944114
112,0.029476747084600657
113,0.03067982338068123
114,0.03199052242876747
115,0.03332440024256653
116,0.03431158792913528
117,0.03489963542352966
118,0.0349751183246047
119,0.03451003427450387
120,0.0334396982677068
121,0.032094240800497095
122,0.030577014834888287
123,0.029118794986665423
124,0.027950820111399714
125,0.027190546796540288
126,0.02674139447438254
127,0.02650133215454482
128,0.026485484790502552
129,0.02662588939805192
130,0.02688413482551661
131,0.0273093795701687
132,0.02796871351369136
133,0.028804006802940364
134,0.029918170945172785
135,0.03124003190981609
136,0.032758900810762534
137,0.034401176925328666
138,0.036090480345059586
139,0.03745249940484033
140,0.03848797110994379
141,0.03910570372958563
142,0.03943278944160859
143,0.0395358462205931
144,0.039801021959955524
145,0.04019405624764562
146,0.040776477600995197
147,0.04130074332840672
148,0.04181585882655978
149,0.04206105447623818
150,0.04191496759992332
151,0.04139312847813827
152,0.04088253430493677
153,0.04034147723314779
154,0.039889934070068044
155,0.03947096165246631
156,0.03910330317613362
157,0.038367565460397005
158,0.03703817579491454
159,0.03521718691469244
160,0.033218914615949426
161,0.03117435096935693
162,0.029313427987845735
163,0.027895845263984996
164,0.02696571922032851
165,0.026463875807178017
166,0.026312073322454544
167,0.02652190305821664
168,0.027061577138646327
169,0.027938938095261507
170,0.02926053571304506
171,0.031149599149022426
172,0.033904617314481376
173,0.03759881966772469
174,0.04253522854441315
175,0.049436633429102796
176,0.05885811224027639
177,0.07082357161973037
178,0.08461258122886642
179,0.0977862174623861
180,0.10808761988203514
181,0.1148457813994031
182,0.11683675424527655
183,0.11298407866516232
184,0.10452732203167818
185,0.09387976400813532
186,0.08260989714235199
187,0.07239012344542567
188,0.06446325197533191
189,0.05880873048747518
190,0.054011582219530306
191,0.04955004502053625
192,0.04532536376852516
193,0.04136917994551875
194,0.03769201088013559
195,0.03494910517970246
196,0.03322100977615188
197,0.032319610692525064
198,0.03205977073387275
199,0.03203334071441215
200,0.03204307759357943
201,0.03193353103300831
202,0.03159696469771628
203,0.03108632837082667
204,0.0302608858080576
205,0.029283524354432194
206,0.02824155898040344
207,0.027272896776484385
208,0.02652048500595996
209,0.026026161491224574
210,0.02576078976739992
211,0.025598479992956023
212,0.025544174369850105
213,0.025486628466329844
214,0.02546448182653253
215,0.025534892567373586
216,0.025657070451536715
217,0.025703347494900414
218,0.02576558992773013
219,0.0257590868053105
220,0.025756832980118306
221,0.025756685423332308
222,0.026157183016132936
223,0.026679942189252893
