position,total_mutations,mutation_frequency,amino_acids,most_common_aa,most_common_count
1,0,0.0,R(1466),R,1466
2,0,0.0,V(1466),V,1466
3,0,0.0,Q(1466),Q,1466
4,0,0.0,P(1466),P,1466
5,10,0.0068212824010914054,"T(1456), I(10)",T,1456
6,0,0.0,E(1466),E,1466
7,0,0.0,S(1466),S,1466
8,1,0.0006821282401091405,"I(1465), V(1)",I,1465
9,1,0.0006821282401091405,"V(1465), I(1)",V,1465
10,0,0.0,R(1466),R,1466
11,1,0.0006821282401091405,"F(1465), L(1)",F,1465
12,4,0.002728512960436562,"P(1462), S(2), L(2)",P,1462
13,0,0.0,N(1466),N,1466
14,0,0.0,I(1466),I,1466
15,0,0.0,T(1466),T,1466
16,0,0.0,N(1466),N,1466
17,2,0.001364256480218281,"L(1464), F(2)",L,1464
18,0,0.0,C(1466),C,1466
19,0,0.0,P(1466),P,1466
20,0,0.0,F(1466),F,1466
21,1465,0.9993178717598908,"D(1461), E(1), G(1)",D,1461
22,2,0.001364256480218281,"E(1464), G(1), K(1)",E,1464
23,0,0.0,V(1466),V,1466
24,0,0.0,F(1466),F,1466
25,1,0.0006821282401091405,"N(1465), S(1)",N,1465
26,6,0.004092769440654843,"A(1460), T(4), S(2)",A,1460
27,0,0.0,T(1466),T,1466
28,1458,0.9945429740791268,"T(1454), R(8), I(3)",T,1454
29,0,0.0,F(1466),F,1466
30,1,0.0006821282401091405,"A(1465), S(1)",A,1465
31,1,0.0006821282401091405,"S(1465), P(1)",S,1465
32,0,0.0,V(1466),V,1466
33,1,0.0006821282401091405,"Y(1465), F(1)",Y,1465
34,2,0.001364256480218281,"A(1464), N(1), D(1)",A,1464
35,0,0.0,W(1466),W,1466
36,2,0.001364256480218281,"N(1464), K(2)",N,1464
37,0,0.0,R(1466),R,1466
38,2,0.001364256480218281,"K(1464), R(1), N(1)",K,1464
39,1,0.0006821282401091405,"R(1465), K(1)",R,1465
40,2,0.001364256480218281,"I(1464), V(2)",I,1464
41,2,0.001364256480218281,"S(1464), N(2)",S,1464
42,2,0.001364256480218281,"N(1464), S(1), D(1)",N,1464
43,0,0.0,C(1466),C,1466
44,0,0.0,V(1466),V,1466
45,0,0.0,A(1466),A,1466
46,0,0.0,D(1466),D,1466
47,0,0.0,Y(1466),Y,1466
48,0,0.0,S(1466),S,1466
49,0,0.0,V(1466),V,1466
50,1,0.0006821282401091405,"L(1465), I(1)",L,1465
51,0,0.0,Y(1466),Y,1466
52,0,0.0,N(1466),N,1466
53,1463,0.9979536152796725,"F(1463), S(3)",F,1463
54,0,0.0,A(1466),A,1466
55,1463,0.9979536152796725,"P(1463), S(3)",P,1463
56,0,0.0,F(1466),F,1466
57,1462,0.9972714870395635,"F(1458), S(4), L(3)",F,1458
58,1463,0.9979536152796725,"A(1462), T(3), C(1)",A,1462
59,1,0.0006821282401091405,"F(1465), Y(1)",F,1465
60,1,0.0006821282401091405,"K(1465), G(1)",K,1465
61,1,0.0006821282401091405,"C(1465), V(1)",C,1465
62,2,0.001364256480218281,"Y(1464), F(1), S(1)",Y,1464
63,1,0.0006821282401091405,"G(1465), P(1)",G,1465
64,1,0.0006821282401091405,"V(1465), T(1)",V,1465
65,1,0.0006821282401091405,"S(1465), K(1)",S,1465
66,1,0.0006821282401091405,"P(1465), L(1)",P,1465
67,5,0.0034106412005457027,"T(1461), I(4), N(1)",T,1461
68,1,0.0006821282401091405,"K(1465), D(1)",K,1465
69,0,0.0,L(1466),L,1466
70,2,0.001364256480218281,"N(1464), S(1), C(1)",N,1464
71,1,0.0006821282401091405,"D(1465), F(1)",D,1465
72,1,0.0006821282401091405,"L(1465), T(1)",L,1465
73,1,0.0006821282401091405,"C(1465), N(1)",C,1465
74,1,0.0006821282401091405,"F(1465), V(1)",F,1465
75,2,0.001364256480218281,"T(1464), Y(1), N(1)",T,1464
76,1,0.0006821282401091405,"N(1465), A(1)",N,1465
77,2,0.001364256480218281,"V(1464), L(1), D(1)",V,1464
78,2,0.001364256480218281,"Y(1464), F(1), S(1)",Y,1464
79,1,0.0006821282401091405,"A(1465), F(1)",A,1465
80,1,0.0006821282401091405,"D(1465), V(1)",D,1465
81,1,0.0006821282401091405,"S(1465), I(1)",S,1465
82,1,0.0006821282401091405,"F(1465), R(1)",F,1465
83,1,0.0006821282401091405,"V(1465), G(1)",V,1465
84,1,0.0006821282401091405,"I(1465), N(1)",I,1465
85,2,0.001364256480218281,"R(1464), K(1), E(1)",R,1464
86,1,0.0006821282401091405,"G(1465), V(1)",G,1465
87,1458,0.9945429740791268,"N(1457), D(8), S(1)",N,1457
88,1,0.0006821282401091405,"E(1465), Q(1)",E,1465
89,1,0.0006821282401091405,"V(1465), I(1)",V,1465
90,1434,0.9781718963165075,"S(1432), R(32), I(1)",S,1432
91,1,0.0006821282401091405,"Q(1465), P(1)",Q,1465
92,1,0.0006821282401091405,"I(1465), G(1)",I,1465
93,5,0.0034106412005457027,"A(1461), V(2), T(1)",A,1461
94,1,0.0006821282401091405,"P(1465), T(1)",P,1465
95,0,0.0,G(1466),G,1466
96,1,0.0006821282401091405,"Q(1465), N(1)",Q,1465
97,1,0.0006821282401091405,"T(1465), I(1)",T,1465
98,1,0.0006821282401091405,"G(1465), A(1)",G,1465
99,1431,0.9761255115961801,"N(1429), K(35), D(2)",N,1429
100,1,0.0006821282401091405,"I(1465), Y(1)",I,1465
101,1,0.0006821282401091405,"A(1465), N(1)",A,1465
102,2,0.001364256480218281,"D(1464), N(1), Y(1)",D,1464
103,1,0.0006821282401091405,"Y(1465), K(1)",Y,1465
104,1,0.0006821282401091405,"N(1465), L(1)",N,1465
105,1,0.0006821282401091405,"Y(1465), P(1)",Y,1465
106,1,0.0006821282401091405,"K(1465), D(1)",K,1465
107,1,0.0006821282401091405,"L(1465), D(1)",L,1465
108,2,0.001364256480218281,"P(1464), S(1), F(1)",P,1464
109,3,0.0020463847203274215,"D(1463), Y(1), H(1)",D,1463
110,2,0.001364256480218281,"D(1464), H(1), G(1)",D,1464
111,1,0.0006821282401091405,"F(1465), C(1)",F,1465
112,7,0.0047748976807639835,"T(1459), I(5), A(1)",T,1459
113,1,0.0006821282401091405,"G(1465), I(1)",G,1465
114,1,0.0006821282401091405,"C(1465), A(1)",C,1465
115,2,0.001364256480218281,"V(1464), I(1), W(1)",V,1464
116,1,0.0006821282401091405,"I(1465), N(1)",I,1465
117,1,0.0006821282401091405,"A(1465), S(1)",A,1465
118,1,0.0006821282401091405,"W(1465), N(1)",W,1465
119,1,0.0006821282401091405,"N(1465), K(1)",N,1465
120,1,0.0006821282401091405,"S(1465), L(1)",S,1465
121,1,0.0006821282401091405,"N(1465), D(1)",N,1465
122,1434,0.9781718963165075,"K(1432), N(32), R(1)",K,1432
123,2,0.001364256480218281,"L(1464), F(1), T(1)",L,1464
124,1,0.0006821282401091405,"D(1465), V(1)",D,1465
125,1,0.0006821282401091405,"S(1465), G(1)",S,1465
126,1434,0.9781718963165075,"T(1426), K(32), M(6)",T,1426
127,11,0.007503410641200546,"V(1455), F(5), A(4)",V,1455
128,5,0.0034106412005457027,"G(1461), S(3), V(1)",G,1461
129,1,0.0006821282401091405,"G(1465), N(1)",G,1465
130,1,0.0006821282401091405,"N(1465), Y(1)",N,1465
131,1,0.0006821282401091405,"Y(1465), R(1)",Y,1465
132,1,0.0006821282401091405,"N(1465), Y(1)",N,1465
133,1,0.0006821282401091405,"Y(1465), R(1)",Y,1465
134,1441,0.9829467939972715,"R(1441), L(25)",R,1441
135,1,0.0006821282401091405,"Y(1465), F(1)",Y,1465
136,0,0.0,R(1466),R,1466
137,2,0.001364256480218281,"L(1464), F(1), K(1)",L,1464
138,3,0.0020463847203274215,"F(1463), L(2), S(1)",F,1463
139,1,0.0006821282401091405,"R(1465), K(1)",R,1465
140,1,0.0006821282401091405,"K(1465), L(1)",K,1465
141,2,0.001364256480218281,"S(1464), F(1), K(1)",S,1464
142,1442,0.9836289222373806,"K(1441), N(24), P(1)",K,1441
143,1,0.0006821282401091405,"L(1465), F(1)",L,1465
144,4,0.002728512960436562,"K(1462), Q(2), E(2)",K,1462
145,2,0.001364256480218281,"P(1464), S(1), R(1)",P,1464
146,2,0.001364256480218281,"F(1464), L(1), D(1)",F,1464
147,3,0.0020463847203274215,"E(1463), G(2), I(1)",E,1463
148,1,0.0006821282401091405,"R(1465), S(1)",R,1465
149,1,0.0006821282401091405,"D(1465), T(1)",D,1465
150,1,0.0006821282401091405,"I(1465), E(1)",I,1465
151,1,0.0006821282401091405,"S(1465), I(1)",S,1465
152,2,0.001364256480218281,"T(1464), I(1), Y(1)",T,1464
153,2,0.001364256480218281,"E(1464), Q(2)",E,1464
154,1,0.0006821282401091405,"I(1465), A(1)",I,1465
155,3,0.0020463847203274215,"Y(1463), H(2), G(1)",Y,1463
156,2,0.001364256480218281,"Q(1464), H(1), N(1)",Q,1464
157,4,0.002728512960436562,"A(1462), S(1), T(1)",A,1462
158,3,0.0020463847203274215,"G(1463), S(2), P(1)",G,1463
159,1458,0.9945429740791268,"N(1457), S(8), C(1)",N,1457
160,1456,0.9931787175989086,"K(1443), T(10), R(4)",K,1443
161,8,0.005457025920873124,"P(1458), L(6), H(1)",P,1458
162,1,0.0006821282401091405,"C(1465), V(1)",C,1465
163,9,0.006139154160982265,"N(1457), S(4), K(2)",N,1457
164,4,0.002728512960436562,"G(1462), V(3), S(1)",G,1462
165,9,0.006139154160982265,"V(1457), A(3), I(2)",V,1457
166,1459,0.995225102319236,"A(1449), E(7), V(5)",A,1449
167,8,0.005457025920873124,"G(1458), V(3), S(2)",G,1458
168,1459,0.995225102319236,"V(1446), A(10), F(7)",V,1446
169,5,0.0034106412005457027,"N(1461), D(2), C(2)",N,1461
170,3,0.0020463847203274215,"C(1463), Y(2), P(1)",C,1463
171,4,0.002728512960436562,"Y(1462), F(2), H(1)",Y,1462
172,9,0.006139154160982265,"F(1457), S(4), P(2)",F,1457
173,3,0.0020463847203274215,"P(1463), L(2), S(1)",P,1463
174,3,0.0020463847203274215,"L(1463), Q(2), Y(1)",L,1463
175,4,0.002728512960436562,"Q(1462), S(2), L(1)",Q,1462
176,6,0.004092769440654843,"S(1460), P(3), Y(2)",S,1460
177,3,0.0020463847203274215,"Y(1463), G(2), R(1)",Y,1463
178,4,0.002728512960436562,"G(1462), F(2), S(1)",G,1462
179,3,0.0020463847203274215,"F(1463), R(2), T(1)",F,1463
180,1461,0.9965893587994543,"R(1458), Q(5), P(2)",R,1458
181,4,0.002728512960436562,"P(1462), T(2), L(1)",P,1462
182,6,0.004092769440654843,"T(1460), A(2), Y(2)",T,1460
183,1461,0.9965893587994543,"Y(1458), N(5), G(3)",Y,1458
184,3,0.0020463847203274215,"G(1463), V(2), H(1)",G,1463
185,3,0.0020463847203274215,"V(1463), G(2), Q(1)",V,1463
186,3,0.0020463847203274215,"G(1463), H(2), P(1)",G,1463
187,1458,0.9945429740791268,"H(1456), Y(8), Q(2)",H,1456
188,3,0.0020463847203274215,"Q(1463), P(2), R(1)",Q,1463
189,3,0.0020463847203274215,"P(1463), Y(2), V(1)",P,1463
190,3,0.0020463847203274215,"Y(1463), R(2), V(1)",Y,1463
191,3,0.0020463847203274215,"R(1463), V(3)",R,1463
192,2,0.001364256480218281,"V(1464), L(2)",V,1464
193,3,0.0020463847203274215,"V(1463), I(2), S(1)",V,1463
194,3,0.0020463847203274215,"V(1463), L(2), F(1)",V,1463
195,5,0.0034106412005457027,"L(1461), F(2), S(2)",L,1461
196,4,0.002728512960436562,"S(1462), F(3), L(1)",S,1462
197,3,0.0020463847203274215,"F(1463), E(2), L(1)",F,1463
198,3,0.0020463847203274215,"E(1463), L(2), H(1)",E,1463
199,2,0.001364256480218281,"L(1464), I(1), A(1)",L,1464
200,4,0.002728512960436562,"L(1462), H(2), Q(1)",L,1462
201,6,0.004092769440654843,"H(1460), A(3), Q(2)",H,1460
202,4,0.002728512960436562,"A(1462), P(2), S(1)",A,1462
203,5,0.0034106412005457027,"P(1461), A(2), Q(1)",P,1461
204,10,0.0068212824010914054,"A(1456), V(3), S(2)",A,1456
205,4,0.002728512960436562,"T(1462), V(2), A(1)",T,1462
206,3,0.0020463847203274215,"V(1463), C(2), P(1)",V,1463
207,3,0.0020463847203274215,"C(1463), G(2), K(1)",C,1463
208,3,0.0020463847203274215,"G(1463), P(2), K(1)",G,1463
209,3,0.0020463847203274215,"P(1463), K(2), S(1)",P,1463
210,1,0.0006821282401091405,"K(1465), T(1)",K,1465
211,5,0.0034106412005457027,"K(1461), N(2), S(2)",K,1461
212,3,0.0020463847203274215,"S(1463), T(2), L(1)",S,1463
213,3,0.0020463847203274215,"T(1463), N(2), V(1)",T,1463
214,6,0.004092769440654843,"N(1460), L(2), I(1)",N,1460
215,3,0.0020463847203274215,"L(1463), V(2), N(1)",L,1463
216,8,0.005457025920873124,"V(1458), I(3), K(3)",V,1458
217,3,0.0020463847203274215,"K(1463), N(2), C(1)",K,1463
218,3,0.0020463847203274215,"N(1463), K(2), V(1)",N,1463
219,4,0.002728512960436562,"K(1462), C(2), R(1)",K,1462
220,3,0.0020463847203274215,"C(1463), V(2), F(1)",C,1463
221,2,0.001364256480218281,"V(1463), N(2)",V,1463
222,2,0.001364256480218281,"N(1463), F(2)",N,1463
223,0,0.0,F(1463),F,1463
